time,Lambda control (mixture adaptation): Adaptation (idle) bank 1 sensor 1,Lambda control (mixture adaptation): Adaptation (partial) bank 1 sensor 1,Lambda control: Lambda control bank 1 sensor 1,Lambda control (lambda sensor voltages): Lambda control bank 1 (actual),Lambda control (lambda sensor voltages): Lambda control bank 1 (specified),Emission reduction (secondary air injection: Mass air flow sensor (G70),General: Engine load,General: Injection timing,General: Intake manifold pressure (G71),General: Throttle valve angle,General: Engine speed (G28),Idle speed stabilization (gear shifts): Selected gear,General: Coolant temperature (G62),General: Intake air temperature (G42),General: Vehicle speed,General: Load status
0,4.7,0.0,-4.7,1.00586,0.99414,2.2,17.3,3.1,357.0,2.0,640.0,0.0,90.0,42.0,0.0,
1347,4.7,0.0,-5.1,0.99805,0.99414,2.1,18.0,3.1,357.0,2.0,640.0,0.0,90.0,42.0,0.0,
2715,4.7,0.0,-4.7,0.99902,0.99414,2.1,18.0,3.1,337.0,2.0,608.0,0.0,90.0,42.0,0.0,
4155,4.7,0.0,-4.7,0.99805,0.99414,2.1,17.6,3.1,357.0,2.0,672.0,0.0,90.0,42.0,0.0,
5595,4.7,0.0,-4.7,1.00098,0.99414,2.1,16.9,3.1,337.0,2.0,640.0,0.0,90.0,42.0,0.0,
6979,4.7,0.0,-3.9,1.00977,0.99414,2.1,17.3,3.1,337.0,2.0,640.0,0.0,90.0,42.0,0.0,
8427,4.7,0.0,-4.7,0.99512,0.99414,2.0,18.0,3.1,337.0,2.0,608.0,0.0,91.5,42.0,0.0,
9825,4.7,0.0,-5.1,0.98926,0.99414,2.0,17.6,3.1,337.0,2.0,640.0,0.0,90.0,42.0,0.0,
11148,4.7,0.0,-5.5,1.0,0.99414,2.0,18.4,3.1,357.0,2.0,640.0,0.0,90.0,42.0,0.0,
12537,4.7,0.0,-5.1,1.00488,0.99414,2.1,18.0,3.1,357.0,2.0,608.0,0.0,90.0,42.0,0.0,
13911,4.7,0.0,-5.5,1.00293,0.99414,2.1,18.4,3.1,357.0,3.5,704.0,0.0,90.0,42.0,0.0,
15345,1.6,0.0,-6.3,0.99512,0.99609,4.8,23.5,4.1,418.0,5.5,1024.0,0.0,90.0,42.0,1.0,
16763,1.6,0.0,-3.5,1.00977,0.99609,5.8,20.0,4.1,398.0,5.9,1024.0,0.0,90.0,42.0,3.0,
18178,1.6,0.0,-4.7,0.99902,0.99609,5.3,27.8,5.2,439.0,6.7,1024.0,0.0,90.0,43.5,6.0,
19598,1.6,0.0,-3.5,0.98828,0.99609,7.0,34.1,5.2,479.0,8.2,1344.0,1.0,90.0,43.5,10.0,
21000,0.8,0.0,-2.0,1.00781,0.99707,6.2,27.8,4.1,337.0,6.3,1504.0,0.0,90.0,43.5,11.0,
22342,2.3,0.0,0.0,1.99902,0.94238,3.8,19.6,4.1,337.0,3.5,1056.0,0.0,91.5,43.5,12.0,
23760,2.3,0.0,0.0,0.88086,0.99512,3.6,12.9,3.1,337.0,3.9,1056.0,2.0,91.5,43.5,12.0,
25201,3.1,0.0,0.0,0.98828,0.99414,2.6,15.3,3.1,316.0,2.7,832.0,0.0,90.0,43.5,8.0,
26597,3.9,0.0,0.8,0.99805,0.99414,2.3,16.9,3.1,337.0,2.4,736.0,0.0,91.5,43.5,7.0,
28036,2.3,0.0,1.6,0.9834,0.99609,4.9,35.3,5.2,439.0,8.6,832.0,0.0,91.5,43.5,11.0,
29453,0.8,0.0,-2.3,0.99414,0.99512,9.2,39.6,6.2,612.0,6.3,1248.0,2.0,91.5,43.5,16.0,
30858,0.8,0.0,-5.1,0.95508,0.99707,10.2,49.4,6.2,551.0,12.5,1632.0,2.0,91.5,43.5,21.0,
32174,0.8,0.0,0.0,1.01758,0.99609,5.9,9.4,3.1,296.0,6.7,1824.0,2.0,91.5,43.5,22.0,
33569,1.6,0.0,0.0,1.99902,0.99609,5.5,0.0,0.0,296.0,6.3,1792.0,2.0,91.5,43.5,21.0,
34977,1.6,0.0,0.0,1.99902,0.99609,5.1,9.8,3.1,296.0,5.9,1792.0,2.0,91.5,43.5,21.0,
36372,1.6,0.0,0.0,0.88281,0.94434,5.2,10.6,3.1,275.0,6.3,1824.0,2.0,91.5,43.5,22.0,
37766,1.6,0.0,0.0,1.99902,0.99609,4.9,0.0,0.0,296.0,3.9,1024.0,0.0,91.5,43.5,18.0,
39195,3.1,0.0,0.0,1.62402,0.99414,2.8,13.7,3.1,337.0,2.7,896.0,0.0,90.0,43.5,16.0,
40612,3.1,0.0,0.0,0.95703,0.94238,3.1,27.5,4.1,337.0,6.3,1376.0,0.0,90.0,42.0,17.0,
41948,0.8,0.0,0.0,0.88281,0.94629,11.2,58.4,8.2,653.0,14.5,1536.0,2.0,90.0,43.5,20.0,
43345,0.0,0.0,2.0,1.00781,0.99609,16.3,64.3,9.3,734.0,18.0,1920.0,2.0,90.0,43.5,25.0,
44752,0.0,0.0,0.8,0.98926,0.99707,19.0,53.3,7.2,612.0,16.5,2336.0,2.0,90.0,42.0,29.0,
46203,0.0,0.0,0.4,1.02246,0.99609,9.1,22.0,3.1,316.0,8.2,2368.0,2.0,90.0,42.0,28.0,
47587,0.0,0.0,3.9,1.66309,0.99512,7.2,0.0,0.0,316.0,8.6,1792.0,0.0,90.0,42.0,22.0,
48993,2.3,0.0,0.0,1.99902,0.99512,3.3,11.8,4.1,377.0,3.1,864.0,0.0,90.0,42.0,9.0,
50434,3.1,0.0,0.0,0.95898,0.99414,2.8,12.2,3.1,316.0,2.4,864.0,0.0,90.0,42.0,2.0,
51825,1.6,0.0,0.0,0.85352,0.99609,8.0,42.0,6.2,479.0,6.3,1632.0,0.0,90.0,42.0,0.0,
53146,2.3,0.0,0.0,1.99902,0.99414,3.3,8.6,4.1,357.0,3.1,832.0,0.0,90.0,42.0,1.0,
54585,3.1,0.0,0.0,0.97949,0.99414,2.4,13.7,3.1,357.0,2.0,736.0,0.0,90.0,42.0,0.0,
56025,3.9,0.0,0.0,0.95508,0.99414,2.1,14.1,3.1,337.0,1.6,672.0,0.0,90.0,42.0,0.0,
57407,4.7,0.0,-2.0,0.9873,0.99414,1.8,18.0,3.1,337.0,2.0,576.0,0.0,90.0,42.0,0.0,
58873,4.7,0.0,-2.7,0.97852,0.99414,3.8,27.1,6.2,439.0,5.5,1088.0,0.0,90.0,42.0,0.0,
60288,3.1,0.0,0.0,1.04785,0.99414,2.5,13.3,3.1,357.0,2.0,704.0,0.0,90.0,42.0,0.0,
61696,4.7,0.0,0.0,0.99902,0.99414,2.1,16.5,3.1,337.0,2.0,672.0,0.0,90.0,42.0,0.0,
62986,4.7,0.0,-1.2,0.97656,0.99414,2.0,16.1,3.1,337.0,1.6,608.0,0.0,90.0,42.0,0.0,
64384,1.6,0.0,-2.7,0.84766,0.99609,10.3,46.7,7.2,551.0,16.1,1792.0,0.0,90.0,42.0,0.0,
65822,0.0,0.0,-2.7,0.98438,0.99512,10.9,0.0,0.0,439.0,6.3,1344.0,0.0,90.0,42.0,1.0,
67252,0.8,0.0,0.0,0.98535,0.99512,20.9,40.8,8.2,653.0,10.6,1440.0,0.0,90.0,42.0,5.0,
68647,0.8,0.0,-2.3,0.99023,0.99609,9.6,47.1,8.2,653.0,11.8,1376.0,0.0,90.0,42.0,10.0,
70098,0.0,0.0,0.0,1.00391,0.99707,15.3,55.3,8.2,632.0,17.3,2368.0,1.0,90.0,42.0,17.0,
71493,0.0,0.0,0.0,1.99902,0.99609,5.6,39.2,6.2,418.0,9.8,1408.0,0.0,90.0,42.0,17.0,
72817,0.8,0.0,-1.2,0.94141,0.94727,13.0,57.6,8.2,653.0,12.9,1696.0,2.0,90.0,42.0,21.0,
74205,0.8,0.0,2.0,0.94336,0.94531,8.0,31.8,4.1,377.0,9.0,1888.0,2.0,90.0,42.0,23.0,
75599,0.8,0.0,-1.2,0.99023,0.99707,8.7,33.3,4.1,398.0,10.6,1984.0,2.0,90.0,42.0,24.0,
77006,0.0,0.0,-0.8,0.99219,0.99707,12.5,44.3,6.2,500.0,14.9,2176.0,2.0,90.0,42.0,27.0,
78407,0.0,0.0,-0.8,1.00391,0.99707,9.5,23.9,4.1,337.0,8.6,2368.0,2.0,90.0,42.0,28.0,
79829,0.0,0.0,2.3,1.00586,0.99512,7.3,18.0,3.1,296.0,9.0,2304.0,2.0,91.5,42.0,28.0,
81247,0.0,0.0,0.0,1.99902,0.99512,7.3,0.0,0.0,316.0,8.6,2144.0,2.0,91.5,42.0,26.0,
82667,0.0,0.0,0.0,0.93164,0.94629,10.8,38.4,6.2,439.0,13.7,2304.0,2.0,91.5,42.0,30.0,
84011,0.0,0.0,3.5,0.96777,0.9502,18.0,54.5,9.3,612.0,19.2,2592.0,2.0,91.5,42.0,32.0,
85410,0.0,0.0,4.3,0.99414,0.99707,19.6,49.0,8.2,571.0,20.0,2880.0,2.0,91.5,42.0,36.0,
86817,0.0,0.0,3.5,0.98438,0.99609,26.5,54.1,8.2,632.0,22.0,3296.0,2.0,91.5,40.5,41.0,
88244,0.0,0.0,0.4,0.98535,0.99414,26.3,0.0,0.0,357.0,11.4,3008.0,0.0,91.5,40.5,42.0,
89662,0.0,0.0,0.0,1.27441,0.94629,12.3,39.6,6.2,439.0,14.5,2400.0,3.0,91.5,40.5,43.0,
91047,0.0,0.0,2.0,0.96973,0.9502,15.2,38.0,6.2,459.0,12.2,2496.0,3.0,91.5,40.5,45.0,
92429,0.0,0.0,4.7,0.98633,0.99512,7.9,0.0,0.0,296.0,9.8,2464.0,3.0,91.5,40.5,43.0,
93755,0.0,0.0,0.0,1.99902,0.99512,7.7,0.0,0.0,296.0,8.6,2336.0,3.0,91.5,40.5,40.0,
95121,0.0,0.0,0.0,1.99902,0.99512,7.0,0.0,0.0,296.0,7.8,2016.0,3.0,90.0,40.5,34.0,
96524,0.8,0.0,0.0,1.99902,0.99609,5.6,0.0,0.0,316.0,5.9,1696.0,3.0,90.0,40.5,30.0,
97916,0.8,0.0,0.0,0.89746,0.94531,7.3,32.9,5.2,377.0,9.8,1728.0,3.0,90.0,40.5,31.0,
99337,0.8,0.0,0.0,0.96191,0.94629,10.9,43.9,6.2,500.0,12.9,1856.0,3.0,90.0,42.0,34.0,
100715,0.0,0.0,2.3,0.94531,0.99707,15.7,56.9,8.2,653.0,16.9,2080.0,3.0,90.0,42.0,38.0,
102161,0.0,0.0,1.2,0.99902,0.99609,7.1,9.0,3.1,296.0,8.2,2112.0,3.0,90.0,40.5,38.0,
103530,0.0,0.0,0.0,1.00391,0.99512,7.5,26.7,4.1,316.0,9.8,2176.0,3.0,90.0,40.5,38.0,
104884,0.0,0.0,0.8,1.01465,0.99609,8.3,28.6,4.1,337.0,11.0,2208.0,3.0,90.0,40.5,40.0,
106313,0.0,0.0,2.0,0.99805,0.99707,10.3,32.9,5.2,398.0,11.8,2304.0,3.0,90.0,40.5,41.0,
107740,0.0,0.0,2.3,0.98633,0.99512,7.1,9.8,3.1,275.0,9.0,2304.0,3.0,90.0,40.5,40.0,
109136,0.0,0.0,0.0,1.00586,0.99512,7.2,23.5,3.1,296.0,9.4,2272.0,3.0,88.5,42.0,41.0,
110554,0.0,0.0,2.0,1.03809,0.99512,7.1,8.6,3.1,296.0,9.0,2240.0,3.0,88.5,42.0,40.0,
111937,0.0,0.0,0.0,1.99902,0.99512,7.2,0.0,0.0,316.0,8.6,2144.0,0.0,88.5,42.0,36.0,
113333,1.6,0.0,0.0,1.99902,0.99512,3.5,9.8,4.1,357.0,3.1,832.0,0.0,88.5,42.0,31.0,
114623,3.1,0.0,0.0,1.01367,0.99414,2.9,11.8,3.1,337.0,2.7,928.0,0.0,88.5,42.0,24.0,
116009,3.1,0.0,0.0,0.95898,0.99414,2.6,12.5,3.1,296.0,2.4,864.0,0.0,88.5,42.0,16.0,
117439,3.9,0.0,0.0,0.96094,0.99414,2.3,13.7,3.1,296.0,2.0,800.0,0.0,87.0,42.0,11.0,
118878,1.6,0.0,0.4,0.92188,0.94434,6.2,45.1,6.2,500.0,8.2,1088.0,2.0,87.0,42.0,14.0,
120284,0.8,0.0,-3.5,0.9873,0.99609,10.0,52.2,7.2,612.0,11.8,1472.0,2.0,87.0,42.0,19.0,
121702,0.8,0.0,-1.6,1.0293,0.99707,12.3,52.2,7.2,592.0,13.7,1824.0,2.0,87.0,42.0,23.0,
123079,0.0,0.0,-0.8,0.99023,0.99707,13.6,41.2,5.2,479.0,11.4,2176.0,2.0,87.0,42.0,27.0,
124444,0.8,0.0,-0.4,1.02441,0.99512,6.9,6.7,0.0,296.0,8.6,2080.0,2.0,87.0,42.0,24.0,
125750,0.8,0.0,0.0,1.99902,0.99609,5.9,0.0,0.0,316.0,6.3,1760.0,2.0,87.0,42.0,21.0,
127170,1.6,0.0,0.0,1.99902,0.94434,5.0,21.6,3.1,296.0,6.3,1632.0,2.0,87.0,42.0,20.0,
128610,1.6,0.0,0.0,0.92871,0.94629,9.8,41.6,6.2,459.0,12.5,1824.0,2.0,87.0,42.0,23.0,
130038,0.0,0.0,1.6,0.93945,0.94824,12.4,39.6,6.2,479.0,11.4,2144.0,2.0,87.0,42.0,26.0,
131397,0.0,0.0,0.4,0.99121,0.99512,6.7,9.8,3.1,296.0,8.6,2176.0,2.0,87.0,42.0,26.0,
132836,0.0,0.0,0.0,1.99902,0.99609,6.8,0.0,0.0,316.0,7.5,1984.0,2.0,87.0,42.0,23.0,
134200,0.8,0.0,0.0,1.99902,0.99609,5.6,0.0,0.0,296.0,5.9,1728.0,2.0,87.0,42.0,20.0,
135513,0.8,0.0,0.0,0.91602,0.94531,10.4,46.3,7.2,500.0,13.7,1824.0,2.0,85.5,42.0,23.0,
136924,0.8,0.0,0.8,0.94922,0.94727,12.1,46.7,7.2,520.0,14.5,2080.0,2.0,87.0,42.0,26.0,
138285,0.0,0.0,1.6,0.99609,0.99707,18.4,54.9,8.2,612.0,18.4,2496.0,2.0,87.0,42.0,31.0,
139715,0.0,0.0,3.5,0.99512,0.99707,25.5,64.7,10.3,734.0,23.5,2976.0,2.0,85.5,40.5,37.0,
141109,0.0,0.0,-0.8,0.95703,0.99512,10.3,5.9,3.1,296.0,11.0,3040.0,0.0,85.5,40.5,35.0,
142525,0.0,0.0,0.0,1.99902,0.99609,5.8,0.0,0.0,316.0,5.5,1248.0,0.0,85.5,40.5,24.0,
143910,3.1,0.0,0.0,1.76465,0.99414,2.8,13.3,4.1,337.0,2.7,928.0,0.0,85.5,40.5,12.0,
145256,3.1,0.0,0.0,0.93848,0.99414,2.7,12.2,3.1,316.0,2.4,896.0,0.0,85.5,40.5,4.0,
146598,3.1,0.0,0.0,0.97168,0.99414,4.8,42.4,6.2,418.0,8.2,736.0,0.0,85.5,40.5,8.0,
147993,0.0,0.0,-2.7,0.98438,0.94727,12.8,54.1,8.2,612.0,13.7,2016.0,1.0,85.5,40.5,15.0,
149390,0.0,0.0,-0.4,1.24707,0.99609,7.7,0.0,0.0,337.0,6.7,1728.0,0.0,85.5,40.5,17.0,
150771,0.8,0.0,0.0,0.92383,0.94824,15.1,66.7,10.3,734.0,17.3,1760.0,2.0,85.5,40.5,22.0,
152132,0.0,0.0,0.8,0.95703,0.99707,17.4,60.8,9.3,673.0,17.6,2144.0,2.0,85.5,40.5,27.0,
153584,0.0,0.0,0.0,1.99902,0.99707,7.3,0.0,0.0,337.0,6.3,1408.0,0.0,85.5,39.0,27.0,
154931,2.3,0.0,0.0,1.69824,0.99512,3.9,10.2,3.1,296.0,4.7,1440.0,0.0,85.5,39.0,27.0,
156237,1.6,0.0,0.0,0.88867,0.94434,4.2,12.9,3.1,275.0,4.7,1504.0,0.0,85.5,40.5,24.0,
157646,1.6,0.0,0.0,0.94141,0.99512,3.7,9.0,3.1,275.0,3.5,1088.0,3.0,85.5,40.5,18.0,
159074,3.1,0.0,0.0,1.00586,0.99414,2.4,12.5,3.1,316.0,2.0,736.0,3.0,85.5,40.5,10.0,
160422,3.9,0.0,0.0,0.98438,0.99414,2.2,14.9,3.1,316.0,2.0,736.0,1.0,85.5,40.5,4.0,
161800,3.9,0.0,-1.2,0.97363,0.99414,2.4,14.9,3.1,316.0,2.4,800.0,0.0,85.5,40.5,1.0,
163192,3.9,0.0,-0.4,0.99512,0.99414,2.2,14.5,3.1,337.0,2.0,704.0,0.0,85.5,40.5,0.0,
164577,4.7,0.0,-2.7,0.97559,0.99414,2.1,15.3,3.1,337.0,1.6,640.0,0.0,85.5,40.5,0.0,
165888,4.7,0.0,-3.9,0.97754,0.99414,1.9,17.3,3.1,337.0,1.6,608.0,0.0,85.5,40.5,0.0,
167253,4.7,0.0,-5.5,0.97754,0.99414,2.0,18.4,3.1,337.0,1.6,608.0,0.0,85.5,40.5,0.0,
168619,4.7,0.0,-5.5,0.99316,0.99414,2.1,17.3,3.1,357.0,1.6,640.0,0.0,85.5,42.0,0.0,
170010,4.7,0.0,-6.3,0.99512,0.99414,2.1,17.3,3.1,337.0,2.0,640.0,0.0,87.0,42.0,0.0,
171372,4.7,0.0,-5.9,1.0,0.99414,2.1,18.4,3.1,357.0,1.6,608.0,0.0,87.0,42.0,0.0,
172721,4.7,0.0,-6.3,0.99805,0.99414,2.1,17.3,3.1,337.0,2.0,672.0,0.0,87.0,42.0,0.0,
174162,4.7,0.0,-5.5,1.00586,0.99414,2.2,16.5,3.1,337.0,2.0,672.0,0.0,87.0,42.0,1.0,
175553,4.7,0.0,-5.1,0.99805,0.99414,2.1,16.9,3.1,337.0,1.6,672.0,0.0,87.0,42.0,2.0,
176880,2.3,0.0,-6.6,0.95215,0.99609,5.7,18.0,4.1,418.0,4.7,992.0,0.0,87.0,42.0,5.0,
178267,1.6,0.0,-3.9,0.98633,0.99609,5.6,26.7,5.2,459.0,5.9,1184.0,0.0,87.0,42.0,8.0,
179640,1.6,0.0,-5.1,0.98633,0.99512,3.7,10.6,3.1,337.0,3.5,960.0,0.0,87.0,42.0,10.0,
181070,2.3,0.0,-2.7,1.00781,0.99414,4.2,31.8,4.1,418.0,5.5,992.0,2.0,87.0,42.0,13.0,
182451,1.6,0.0,-2.3,0.99219,0.99512,4.0,11.4,3.1,316.0,3.9,1280.0,2.0,87.0,42.0,15.0,
183858,2.3,0.0,-3.5,0.99902,0.99512,3.5,7.5,3.1,275.0,3.9,1248.0,2.0,87.0,42.0,15.0,
185243,2.3,0.0,-2.3,1.00293,0.99512,3.3,7.5,3.1,275.0,3.9,1152.0,2.0,87.0,42.0,14.0,
186555,2.3,0.0,-1.6,1.00488,0.99512,3.0,9.0,3.1,296.0,3.1,1056.0,2.0,87.0,42.0,12.0,
187931,2.3,0.0,-2.7,0.98438,0.99512,2.9,15.3,3.1,296.0,4.7,1088.0,2.0,87.0,42.0,13.0,
189336,2.3,0.0,-2.7,0.98438,0.99512,3.3,5.9,3.1,296.0,3.5,1152.0,2.0,87.0,42.0,14.0,
190721,2.3,0.0,-2.3,0.99512,0.99512,4.1,24.3,3.1,316.0,5.1,1312.0,2.0,87.0,42.0,16.0,
192128,2.3,0.0,-3.5,0.98047,0.99512,3.7,7.8,3.1,275.0,4.3,1344.0,2.0,87.0,42.0,16.0,
193567,2.3,0.0,-5.5,0.98438,0.99512,3.9,17.6,3.1,275.0,4.3,1440.0,2.0,87.0,42.0,17.0,
194974,1.6,0.0,-5.1,1.02637,0.99609,4.0,10.2,3.1,275.0,4.7,1440.0,2.0,87.0,42.0,17.0,
196321,1.6,0.0,0.0,1.99902,0.99512,4.2,0.0,0.0,296.0,4.3,1376.0,2.0,88.5,42.0,16.0,
197673,2.3,0.0,0.0,1.99902,0.99512,3.8,0.0,0.0,275.0,3.5,1312.0,2.0,88.5,42.0,15.0,
199114,2.3,0.0,0.0,1.99902,0.99512,3.3,3.5,3.1,296.0,3.1,832.0,0.0,88.5,43.5,15.0,
200510,3.1,0.0,0.0,0.93262,0.99414,2.6,11.8,3.1,296.0,2.7,896.0,0.0,88.5,43.5,11.0,
201938,3.1,0.0,0.0,0.94727,0.99414,2.5,12.9,3.1,296.0,2.4,832.0,0.0,88.5,43.5,10.0,
203311,3.9,0.0,0.0,0.98633,0.94434,4.6,38.4,6.2,439.0,6.7,1056.0,0.0,88.5,43.5,13.0,
204717,0.8,0.0,-1.6,0.94727,0.94531,9.3,52.2,7.2,612.0,11.8,1408.0,2.0,88.5,43.5,18.0,
206134,1.6,0.0,1.6,1.02637,0.99609,4.9,10.2,3.1,296.0,5.5,1536.0,2.0,88.5,43.5,18.0,
207479,1.6,0.0,0.0,1.99902,0.94434,5.1,22.0,4.1,316.0,6.7,1568.0,2.0,88.5,43.5,20.0,
208900,1.6,0.0,0.0,0.95117,0.94434,5.8,25.1,3.1,316.0,7.1,1792.0,2.0,88.5,43.5,23.0,
210307,0.8,0.0,0.4,0.94531,0.94531,7.7,30.6,4.1,357.0,10.6,2080.0,2.0,88.5,43.5,26.0,
211697,0.0,0.0,1.6,0.98926,0.99707,14.1,44.3,6.2,500.0,15.7,2432.0,2.0,88.5,43.5,31.0,
213074,0.0,0.0,3.1,1.01367,0.99707,17.8,0.0,0.0,377.0,9.8,2432.0,0.0,88.5,42.0,34.0,
214505,0.0,0.0,0.0,0.92285,0.94727,12.8,47.8,7.2,551.0,8.2,2080.0,3.0,88.5,42.0,37.0,
215876,0.8,0.0,-0.8,0.9502,0.94434,6.6,0.0,0.0,296.0,8.2,2112.0,3.0,88.5,42.0,37.0,
217234,0.8,0.0,0.0,1.99902,0.99609,6.6,0.0,0.0,296.0,7.8,2112.0,3.0,88.5,42.0,37.0,
218575,0.8,0.0,0.0,1.99902,0.99609,6.4,0.0,0.0,296.0,7.5,2016.0,3.0,88.5,42.0,36.0,
219982,0.8,0.0,0.0,1.99902,0.99609,6.0,0.0,0.0,296.0,6.7,1952.0,3.0,88.5,42.0,34.0,
221366,0.8,0.0,0.0,1.99902,0.99609,6.0,0.0,0.0,296.0,6.7,1920.0,3.0,87.0,42.0,34.0,
222784,0.8,0.0,0.0,1.99902,0.94434,6.6,29.4,4.1,337.0,12.2,1920.0,3.0,87.0,42.0,35.0,
224167,0.0,0.0,0.8,0.95996,0.9502,16.1,54.5,8.2,632.0,16.5,2144.0,3.0,87.0,42.0,40.0,
225551,0.0,0.0,2.7,1.03125,0.99707,20.7,61.2,9.3,673.0,20.4,2496.0,3.0,87.0,42.0,46.0,
226964,0.0,0.0,3.9,0.97461,0.99707,24.2,61.6,9.3,694.0,18.8,2784.0,3.0,87.0,40.5,51.0,
228258,0.0,0.0,0.8,0.96973,0.99512,9.6,14.9,3.1,296.0,10.6,2880.0,0.0,87.0,40.5,51.0,
229611,0.0,0.0,0.0,1.99902,0.99609,5.9,0.0,0.0,296.0,7.8,2176.0,0.0,87.0,40.5,51.0,
231007,0.8,0.0,0.0,1.99902,0.99512,6.8,0.0,0.0,296.0,7.8,2144.0,4.0,87.0,40.5,50.0,
232403,0.8,0.0,0.0,1.99902,0.99609,6.6,0.0,0.0,296.0,7.5,2080.0,4.0,87.0,40.5,49.0,
233797,0.8,0.0,0.0,1.99902,0.94434,8.4,32.5,5.2,377.0,11.8,2080.0,4.0,85.5,40.5,50.0,
235214,0.0,0.0,0.0,0.95313,0.94824,11.2,34.9,5.2,418.0,11.4,2176.0,4.0,85.5,40.5,52.0,
236565,0.0,0.0,2.7,0.9541,0.99707,12.1,25.5,4.1,377.0,8.6,2272.0,4.0,85.5,40.5,54.0,
237944,0.0,0.0,5.5,1.15039,0.99512,7.2,0.0,0.0,296.0,8.6,2176.0,4.0,85.5,40.5,50.0,
239253,0.8,0.0,0.0,1.99902,0.99609,6.6,0.0,0.0,296.0,7.5,1984.0,4.0,85.5,40.5,46.0,
240659,0.8,0.0,0.0,1.99902,0.99609,5.8,0.0,0.0,296.0,6.3,1792.0,4.0,84.0,40.5,41.0,
242044,1.6,0.0,0.0,1.99902,0.99609,5.1,0.0,0.0,296.0,5.5,1696.0,4.0,84.0,42.0,39.0,
243462,1.6,0.0,0.0,1.99902,0.99609,4.8,0.0,0.0,275.0,5.1,1632.0,4.0,84.0,42.0,39.0,
244845,1.6,0.0,0.0,1.99902,0.99609,4.7,20.8,3.1,275.0,6.7,1664.0,4.0,84.0,42.0,39.0,
246228,0.8,0.0,0.0,0.93066,0.94531,7.0,31.4,5.2,357.0,6.3,1696.0,4.0,84.0,42.0,41.0,
247669,0.8,0.0,3.1,0.95605,0.94531,8.7,36.1,5.2,439.0,8.6,1792.0,4.0,84.0,42.0,43.0,
249004,0.8,0.0,2.0,0.95313,0.99609,5.7,10.2,3.1,296.0,6.3,1824.0,4.0,84.0,42.0,43.0,
250378,0.8,0.0,0.0,1.99902,0.99609,5.7,0.0,0.0,296.0,5.9,1824.0,4.0,84.0,42.0,43.0,
251786,0.8,0.0,0.0,0.91895,0.94531,9.7,40.0,6.2,459.0,11.8,1888.0,4.0,84.0,42.0,45.0,
253181,0.0,0.0,2.3,0.95508,0.94727,10.9,39.6,6.2,459.0,11.4,1984.0,4.0,82.5,42.0,48.0,
254622,0.0,0.0,1.6,0.99023,0.99609,6.7,9.4,3.1,296.0,7.8,2016.0,4.0,82.5,42.0,48.0,
256038,0.8,0.0,0.0,1.99902,0.99609,6.4,0.0,0.0,296.0,7.5,1984.0,4.0,82.5,42.0,47.0,
257455,0.8,0.0,0.0,1.99902,0.99609,6.2,0.0,0.0,296.0,7.1,1952.0,4.0,82.5,42.0,45.0,
258813,0.8,0.0,0.0,1.99902,0.99609,5.8,0.0,0.0,296.0,6.3,1792.0,4.0,82.5,42.0,42.0,
260122,0.8,0.0,0.0,1.99902,0.99609,5.2,0.0,0.0,296.0,5.5,1728.0,4.0,82.5,42.0,41.0,
261546,1.6,0.0,0.0,1.99902,0.99609,4.9,0.0,0.0,275.0,4.7,1568.0,4.0,82.5,42.0,35.0,
262954,1.6,0.0,0.0,1.99902,0.99512,3.8,2.7,3.1,296.0,3.5,960.0,0.0,82.5,42.0,28.0,
264341,3.9,0.0,0.0,1.30664,0.99414,2.6,12.5,3.1,296.0,2.7,1024.0,0.0,82.5,42.0,25.0,
265723,1.6,0.0,0.0,0.89844,0.94336,5.7,21.6,3.1,275.0,7.1,1984.0,2.0,81.0,42.0,24.0,
267154,0.8,0.0,0.4,0.96191,0.94629,11.4,40.8,6.2,459.0,13.3,2144.0,2.0,81.0,42.0,27.0,
268571,0.0,0.0,2.0,1.00684,0.99707,20.6,59.6,9.3,653.0,22.7,2656.0,2.0,81.0,42.0,35.0,
269861,0.0,0.0,3.5,0.97949,0.99609,31.8,54.5,8.2,632.0,11.0,2976.0,0.0,81.0,40.5,40.0,
271249,0.0,0.0,0.0,1.99902,0.99609,5.6,0.0,0.0,316.0,6.7,2208.0,0.0,81.0,40.5,38.0,
272644,0.0,0.0,0.0,1.99902,0.99512,6.7,0.0,0.0,296.0,7.8,2112.0,3.0,81.0,40.5,37.0,
274038,0.0,0.0,0.0,1.99902,0.99609,6.4,0.0,0.0,296.0,7.5,2048.0,3.0,81.0,40.5,36.0,
275467,0.8,0.0,0.0,1.99902,0.99609,6.4,0.0,0.0,296.0,6.7,1984.0,3.0,81.0,40.5,34.0,
276794,0.8,0.0,0.0,1.99902,0.99609,6.0,0.0,0.0,296.0,6.3,1824.0,3.0,81.0,40.5,31.0,
278190,1.6,0.0,0.0,1.99902,0.99609,5.1,0.0,0.0,296.0,5.5,1664.0,3.0,81.0,40.5,29.0,
279594,1.6,0.0,0.0,1.99902,0.94434,4.8,20.0,4.1,296.0,6.3,1600.0,3.0,81.0,40.5,29.0,
280887,0.8,0.0,0.0,0.9502,0.94531,8.0,37.6,5.2,418.0,10.6,1696.0,3.0,79.5,40.5,31.0,
282284,0.8,0.0,3.9,0.95313,0.94727,13.2,56.1,8.2,612.0,15.7,1856.0,3.0,81.0,40.5,35.0,
283702,0.0,0.0,2.0,0.97949,0.99707,12.4,39.6,5.2,479.0,11.0,2048.0,3.0,79.5,40.5,37.0,
285097,0.0,0.0,0.0,0.98633,0.99609,6.6,9.0,3.1,296.0,8.2,2080.0,3.0,79.5,40.5,36.0,
286491,0.8,0.0,0.0,1.99902,0.99609,6.7,9.4,4.1,296.0,8.6,2048.0,3.0,79.5,40.5,37.0,
287912,0.0,0.0,0.0,0.93848,0.94434,6.8,24.3,4.1,296.0,9.4,2080.0,3.0,79.5,40.5,37.0,
289316,0.0,0.0,3.5,0.95703,0.94531,9.3,31.4,5.2,377.0,10.6,2144.0,3.0,79.5,40.5,38.0,
290606,0.0,0.0,2.7,0.94629,0.99512,6.9,8.6,3.1,296.0,8.6,2144.0,3.0,79.5,40.5,38.0,
291993,0.0,0.0,0.0,1.99902,0.99609,7.0,0.0,0.0,296.0,7.8,2112.0,3.0,79.5,40.5,37.0,
293433,0.0,0.0,0.0,0.95117,0.94629,10.6,30.2,4.1,377.0,8.2,2144.0,3.0,79.5,40.5,38.0,
294817,0.0,0.0,2.3,1.09863,0.99609,6.8,0.0,0.0,296.0,8.2,2112.0,3.0,79.5,40.5,37.0,
296234,0.8,0.0,0.0,1.99902,0.94434,9.6,37.6,6.2,418.0,13.3,2112.0,3.0,79.5,40.5,39.0,
297630,0.0,0.0,1.2,0.9248,0.94824,9.2,12.5,4.1,337.0,8.6,2240.0,3.0,79.5,40.5,40.0,
299015,0.0,0.0,0.0,1.99902,0.99512,7.3,0.0,0.0,316.0,8.6,2080.0,3.0,79.5,40.5,35.0,
300438,0.8,0.0,0.0,1.99902,0.99609,6.1,0.0,0.0,316.0,6.3,1792.0,3.0,79.5,40.5,31.0,
301758,1.6,0.0,0.0,1.99902,0.99609,5.1,0.0,0.0,296.0,5.5,1568.0,3.0,79.5,40.5,26.0,
303164,1.6,0.0,0.0,1.99902,0.99512,3.8,3.5,4.1,296.0,3.1,896.0,0.0,79.5,40.5,22.0,
304621,3.1,0.0,0.0,1.0957,0.99414,2.7,12.9,3.1,296.0,2.4,896.0,0.0,79.5,40.5,14.0,
305998,3.1,0.0,0.0,0.94629,0.99414,2.5,13.3,3.1,296.0,2.0,832.0,0.0,79.5,40.5,5.0,
307384,3.9,0.0,0.0,0.96094,0.99414,2.2,13.3,3.1,296.0,2.0,768.0,0.0,79.5,40.5,0.0,
308790,4.7,0.0,0.0,0.99219,0.99414,1.8,15.7,3.1,316.0,1.2,608.0,0.0,79.5,40.5,0.0,
310184,4.7,0.0,-1.2,0.99316,0.99414,9.1,27.8,9.3,796.0,8.6,1280.0,0.0,79.5,42.0,3.0,
311508,0.8,0.0,-0.8,1.00586,0.99707,7.4,42.7,6.2,439.0,12.2,1312.0,0.0,79.5,40.5,8.0,
312851,0.0,0.0,1.6,1.03027,0.99512,16.3,51.8,8.2,673.0,18.0,1888.0,0.0,79.5,42.0,14.0,
314257,1.6,0.0,0.0,1.99902,0.94336,8.6,58.8,9.3,551.0,18.4,1280.0,0.0,79.5,40.5,18.0,
315674,0.0,0.0,2.3,0.97266,0.95313,22.2,84.7,14.4,949.0,32.9,2080.0,2.0,79.5,40.5,28.0,
317083,0.0,0.0,0.0,0.98047,0.99707,25.4,69.0,10.3,734.0,25.9,2784.0,2.0,79.5,39.0,37.0,
318464,0.0,0.0,4.7,0.99316,0.99512,45.9,85.5,15.4,949.0,52.5,3648.0,2.0,79.5,39.0,45.0,
319826,0.0,0.0,0.0,1.99902,0.94531,25.0,83.9,15.4,928.0,42.7,2656.0,3.0,79.5,37.5,50.0,
321228,0.0,0.0,2.0,1.00586,0.99512,40.0,86.3,14.4,969.0,52.2,3136.0,3.0,79.5,37.5,58.0,
322522,0.0,0.0,0.0,1.99902,0.99512,9.3,0.0,0.0,275.0,8.6,2304.0,0.0,79.5,36.0,58.0,
323888,0.0,0.0,0.0,1.99902,0.99512,7.5,0.0,0.0,275.0,8.6,2432.0,4.0,79.5,36.0,57.0,
325282,0.0,0.0,0.0,1.99902,0.99512,7.6,0.0,0.0,275.0,8.6,2368.0,4.0,79.5,37.5,56.0,
326677,0.0,0.0,0.0,1.99902,0.99512,7.5,0.0,0.0,296.0,8.6,2304.0,4.0,81.0,37.5,54.0,
328073,0.0,0.0,0.0,1.99902,0.99512,7.4,0.0,0.0,296.0,8.6,2272.0,4.0,81.0,37.5,53.0,
329467,0.0,0.0,0.0,1.99902,0.99512,7.2,0.0,0.0,296.0,8.6,2240.0,4.0,81.0,37.5,53.0,
330860,0.0,0.0,0.0,1.99902,0.99512,7.0,0.0,0.0,296.0,8.2,2208.0,4.0,81.0,37.5,52.0,
332174,0.0,0.0,0.0,1.08008,0.94434,10.1,33.7,5.2,398.0,8.2,2176.0,4.0,81.0,39.0,52.0,
333587,0.0,0.0,0.0,0.94629,0.94434,8.9,29.0,4.1,357.0,10.6,2208.0,4.0,81.0,39.0,53.0,
334981,0.0,0.0,3.5,0.93945,0.95703,22.6,69.8,11.3,755.0,23.5,2336.0,4.0,81.0,39.0,57.0,
336409,0.0,0.0,0.0,1.99902,0.94336,16.8,47.1,8.2,571.0,21.6,3744.0,0.0,81.0,37.5,58.0,
337781,0.0,0.0,4.3,0.98145,0.99512,40.4,77.3,13.4,867.0,36.9,3520.0,3.0,81.0,37.5,64.0,
339154,0.0,0.0,1.6,0.98828,0.99512,47.0,75.3,12.4,847.0,33.7,3872.0,3.0,79.5,36.0,71.0,
340572,0.0,0.0,-3.5,0.96094,0.99512,46.5,51.4,7.2,551.0,11.8,3712.0,0.0,79.5,36.0,73.0,
341939,0.0,0.0,0.0,0.91895,0.95605,26.3,56.1,9.3,653.0,22.4,3200.0,4.0,79.5,34.5,76.0,
343233,0.0,0.0,-0.4,0.99219,0.99512,39.4,76.9,13.4,867.0,34.5,3328.0,4.0,79.5,34.5,80.0,
344610,0.0,0.0,-0.4,0.98828,0.99707,41.1,72.9,12.4,826.0,30.6,3520.0,4.0,79.5,34.5,84.0,
346050,0.0,0.0,-2.7,0.96973,0.99316,12.0,17.3,3.1,275.0,12.5,3552.0,4.0,79.5,34.5,84.0,
347433,0.0,0.0,-2.3,1.00293,0.99316,12.3,23.1,3.1,275.0,12.9,3552.0,4.0,79.5,34.5,84.0,
348851,0.0,0.0,-1.2,0.99805,0.99512,16.0,29.0,4.1,357.0,15.7,3552.0,4.0,79.5,34.5,84.0,
350222,0.0,0.0,-0.8,0.97559,0.99707,17.0,30.6,4.1,357.0,15.7,3584.0,4.0,79.5,34.5,85.0,
351641,0.0,0.0,-0.8,0.99023,0.99707,18.3,32.9,5.2,377.0,16.5,3584.0,4.0,79.5,34.5,85.0,
352987,0.0,0.0,-0.8,1.02441,0.99707,19.4,34.5,5.2,398.0,16.9,3648.0,4.0,79.5,34.5,86.0,
354296,0.0,0.0,-0.8,1.02441,0.99707,18.4,27.5,4.1,337.0,15.3,3680.0,4.0,79.5,34.5,87.0,
355680,0.0,0.0,-0.8,1.04199,0.99707,17.9,31.4,5.2,377.0,16.5,3680.0,4.0,79.5,34.5,87.0,
357074,0.0,0.0,0.8,1.0127,0.99707,18.2,31.8,4.1,377.0,16.5,3712.0,4.0,79.5,34.5,88.0,
358504,0.0,0.0,1.6,0.98047,0.99707,18.4,31.8,4.1,377.0,16.5,3744.0,4.0,79.5,34.5,89.0,
359877,0.0,0.0,1.6,0.96094,0.99707,18.5,31.8,5.2,377.0,16.9,3744.0,4.0,79.5,34.5,89.0,
361259,0.0,0.0,1.2,0.97461,0.99707,18.5,31.8,5.2,357.0,16.9,3776.0,4.0,79.5,34.5,90.0,
362667,0.0,0.0,1.6,1.01465,0.99707,16.8,0.0,0.0,275.0,12.9,3264.0,0.0,79.5,34.5,90.0,
363983,0.0,0.0,0.0,1.99902,0.94336,10.8,15.3,4.1,316.0,10.2,2944.0,5.0,79.5,34.5,88.0,
365389,0.0,0.0,0.0,0.95703,0.94336,9.7,8.2,3.1,296.0,10.6,2912.0,5.0,79.5,34.5,87.0,
366785,0.0,0.0,0.0,0.94141,0.95215,20.0,46.3,8.2,551.0,18.4,2912.0,5.0,78.0,34.5,88.0,
368178,0.0,0.0,1.6,0.95801,0.99609,22.0,47.8,7.2,571.0,18.8,2976.0,5.0,78.0,34.5,89.0,
369538,0.0,0.0,-0.4,1.0127,0.99707,22.3,47.8,7.2,571.0,18.8,3008.0,5.0,78.0,34.5,91.0,
370925,0.0,0.0,-2.3,0.97656,0.99707,22.8,47.8,7.2,571.0,19.2,3040.0,5.0,78.0,33.0,91.0,
372318,0.0,0.0,-3.9,0.96289,0.99707,22.9,47.5,7.2,571.0,18.8,3072.0,5.0,78.0,33.0,92.0,
373676,0.0,0.0,-4.7,0.96484,0.99707,20.9,40.8,6.2,479.0,18.0,3104.0,5.0,78.0,33.0,93.0,
375066,0.0,0.0,-4.7,0.97559,0.99707,22.7,45.9,7.2,551.0,18.8,3104.0,5.0,78.0,33.0,94.0,
376448,0.0,0.0,-5.5,1.00586,0.99707,22.2,44.7,7.2,520.0,18.4,3136.0,5.0,78.0,33.0,95.0,
377887,0.0,0.0,-5.5,1.02734,0.99707,22.4,40.4,6.2,479.0,16.9,3168.0,5.0,78.0,33.0,95.0,
379282,0.0,0.0,-5.5,1.03027,0.99707,21.1,41.6,6.2,500.0,17.6,3200.0,5.0,78.0,33.0,96.0,
380654,0.0,0.0,-5.5,1.0127,0.99707,20.6,40.8,6.2,479.0,17.6,3200.0,5.0,78.0,33.0,96.0,
382050,0.0,0.0,-5.5,0.97852,0.99707,21.0,41.6,6.2,479.0,18.0,3232.0,5.0,78.0,31.5,97.0,
383479,0.0,0.0,-4.7,0.95996,0.99707,18.1,35.7,5.2,418.0,16.9,3232.0,5.0,78.0,33.0,97.0,
384825,0.0,0.0,-5.1,0.96973,0.99707,19.3,37.3,5.2,439.0,16.5,3232.0,5.0,78.0,31.5,97.0,
386252,0.0,0.0,-5.5,0.99316,0.99512,11.4,23.9,3.1,296.0,11.0,3200.0,5.0,78.0,33.0,95.0,
387629,0.0,0.0,0.0,1.99902,0.99512,11.0,0.0,0.0,296.0,10.6,3072.0,5.0,78.0,33.0,91.0,
389063,0.0,0.0,0.0,1.99902,0.99414,10.0,0.0,0.0,296.0,10.2,2944.0,5.0,78.0,33.0,87.0,
390498,0.0,0.0,0.0,1.99902,0.99414,9.6,0.0,0.0,296.0,9.8,2816.0,5.0,78.0,33.0,83.0,
391858,0.0,0.0,0.0,1.99902,0.99512,9.1,0.0,0.0,296.0,9.8,2720.0,5.0,78.0,33.0,81.0,
393243,0.0,0.0,0.0,1.99902,0.99512,8.6,23.9,4.1,296.0,21.6,2688.0,5.0,78.0,34.5,80.0,
394612,0.0,0.0,-1.2,0.96191,0.94336,8.9,7.1,0.0,296.0,9.8,2656.0,5.0,78.0,34.5,79.0,
395928,0.0,0.0,0.0,1.99902,0.99512,8.8,0.0,0.0,296.0,8.6,2592.0,5.0,78.0,34.5,77.0,
397328,0.0,0.0,0.0,0.97949,0.94434,8.0,29.0,5.2,337.0,12.5,2560.0,5.0,78.0,34.5,77.0,
398729,0.0,0.0,0.4,0.95605,0.9502,10.5,33.7,5.2,398.0,14.1,2592.0,5.0,76.5,34.5,78.0,
400128,0.0,0.0,2.0,0.98242,0.99707,16.7,43.9,6.2,500.0,16.1,2624.0,5.0,76.5,34.5,79.0,
401546,0.0,0.0,0.0,0.99023,0.99707,15.3,39.2,6.2,459.0,14.9,2656.0,5.0,76.5,34.5,80.0,
402929,0.0,0.0,-1.6,0.99316,0.99707,14.7,37.3,5.2,439.0,14.5,2688.0,5.0,76.5,34.5,81.0,
404305,0.0,0.0,-2.0,0.99023,0.99707,16.8,41.6,6.2,479.0,16.5,2720.0,5.0,76.5,33.0,82.0,
405603,0.0,0.0,-2.3,0.99023,0.99707,18.0,43.9,6.2,500.0,16.9,2752.0,5.0,76.5,33.0,83.0,
407002,0.0,0.0,-2.3,0.98926,0.99707,20.4,48.6,7.2,571.0,18.0,2784.0,5.0,76.5,33.0,84.0,
408387,0.0,0.0,-2.3,1.00098,0.99609,21.1,49.0,7.2,571.0,18.4,2848.0,5.0,76.5,33.0,85.0,
409820,0.0,0.0,0.0,1.99902,0.99512,7.3,0.0,0.0,296.0,7.1,1696.0,0.0,76.5,31.5,84.0,
411200,0.0,0.0,0.0,0.9043,0.94434,13.3,19.6,4.1,275.0,12.2,3488.0,0.0,76.5,33.0,82.0,
412617,0.0,0.0,2.0,0.95996,0.94336,12.1,3.5,4.1,275.0,12.5,3456.0,4.0,76.5,33.0,81.0,
413974,0.0,0.0,0.0,1.99902,0.99414,11.9,0.0,0.0,296.0,11.8,3360.0,4.0,76.5,33.0,79.0,
415381,0.0,0.0,0.0,1.99902,0.99414,11.6,0.0,0.0,296.0,11.4,3264.0,4.0,76.5,33.0,77.0,
416698,0.0,0.0,0.0,1.99902,0.99512,11.2,0.0,0.0,296.0,11.0,3168.0,4.0,76.5,33.0,73.0,
418118,0.0,0.0,0.0,1.99902,0.99414,9.7,0.0,0.0,296.0,9.8,2752.0,0.0,76.5,33.0,61.0,
419524,0.0,0.0,0.0,1.99902,0.99609,5.2,0.0,0.0,316.0,4.3,1056.0,0.0,76.5,33.0,44.0,
420893,3.1,0.0,0.0,1.56738,0.99414,2.9,13.3,3.1,337.0,2.7,896.0,0.0,76.5,34.5,32.0,
422347,3.1,0.0,0.0,0.95605,0.99414,2.6,13.3,3.1,296.0,2.4,864.0,0.0,76.5,34.5,18.0,
423743,3.9,0.0,0.0,0.98145,0.99414,2.3,18.0,3.1,316.0,2.0,736.0,0.0,75.0,34.5,14.0,
425148,3.9,0.0,-0.8,0.99316,0.94336,4.4,23.9,4.1,316.0,4.7,1216.0,2.0,75.0,34.5,14.0,
426449,1.6,0.0,-1.2,0.91504,0.94434,7.6,46.7,7.2,520.0,10.2,1216.0,2.0,76.5,34.5,15.0,
427802,0.8,0.0,-2.7,0.95117,0.94531,11.0,55.7,8.2,653.0,12.2,1472.0,2.0,75.0,34.5,19.0,
429232,0.0,0.0,-2.7,1.0166,0.99707,15.1,60.8,8.2,673.0,16.5,1856.0,2.0,75.0,34.5,24.0,
430616,0.0,0.0,-2.0,0.98828,0.99707,20.6,65.1,9.3,714.0,20.0,2336.0,2.0,75.0,34.5,30.0,
432011,0.0,0.0,-1.6,1.00586,0.99707,28.4,71.8,11.3,796.0,25.9,2880.0,2.0,75.0,33.0,37.0,
433406,0.0,0.0,-2.0,0.97754,0.99609,41.0,76.1,12.4,847.0,32.5,3552.0,2.0,75.0,33.0,45.0,
434787,0.0,0.0,-4.3,1.00391,0.99512,49.3,59.2,8.2,653.0,12.2,3776.0,0.0,76.5,31.5,49.0,
436169,0.0,0.0,0.0,0.93359,0.95605,34.1,76.9,13.4,867.0,31.0,2944.0,3.0,76.5,31.5,54.0,
437452,0.0,0.0,0.0,0.98633,0.99609,38.5,76.1,12.4,867.0,31.0,3232.0,3.0,76.5,31.5,59.0,
438851,0.0,0.0,-3.1,0.9873,0.99512,39.0,70.6,11.3,775.0,29.0,3488.0,3.0,76.5,30.0,63.0,
440224,0.0,0.0,-5.9,1.00195,0.99512,41.3,69.0,11.3,775.0,29.8,3712.0,3.0,76.5,30.0,68.0,
441642,0.0,0.0,-3.9,1.00488,0.99512,36.0,0.0,0.0,357.0,11.4,3360.0,0.0,76.5,30.0,68.0,
443055,0.0,0.0,0.0,0.89746,0.95508,22.9,51.8,8.2,592.0,18.4,2912.0,4.0,76.5,30.0,69.0,
444443,0.0,0.0,1.6,0.99121,0.99609,31.7,74.5,13.4,826.0,78.0,3008.0,4.0,76.5,30.0,72.0,
445855,0.0,0.0,-1.2,1.00684,0.99512,47.1,86.7,16.5,989.0,76.9,3200.0,4.0,76.5,30.0,77.0,
447194,0.0,0.0,0.4,0.94043,0.93262,50.6,87.5,17.5,989.0,80.0,3392.0,4.0,76.5,30.0,81.0,
448502,0.0,0.0,2.0,0.93066,0.91992,54.0,86.7,18.5,989.0,83.1,3584.0,4.0,76.5,28.5,86.0,
449911,0.0,0.0,2.3,0.9043,0.9082,57.2,85.9,18.5,969.0,85.9,3744.0,4.0,76.5,28.5,89.0,
451328,0.0,0.0,0.0,1.99902,0.99316,11.3,0.0,0.0,275.0,9.0,2816.0,0.0,76.5,28.5,86.0,
452684,0.0,0.0,0.0,1.99902,0.99414,9.3,0.0,0.0,275.0,9.4,2784.0,5.0,78.0,28.5,83.0,
454082,0.0,0.0,0.0,1.99902,0.99512,9.0,0.0,0.0,296.0,9.4,2688.0,5.0,78.0,30.0,80.0,
455478,0.0,0.0,0.0,1.99902,0.99512,8.8,0.0,0.0,296.0,9.0,2592.0,5.0,78.0,30.0,77.0,
456817,0.0,0.0,0.0,1.99902,0.99512,8.3,0.0,0.0,296.0,9.0,2496.0,5.0,78.0,30.0,74.0,
458132,0.0,0.0,0.0,1.99902,0.99512,7.9,0.0,0.0,296.0,9.0,2400.0,5.0,78.0,30.0,72.0,
459551,0.0,0.0,0.0,1.99902,0.99512,7.6,0.0,0.0,296.0,8.6,2336.0,5.0,78.0,31.5,69.0,
460926,0.0,0.0,0.0,0.91406,0.95215,20.9,63.1,10.3,694.0,20.4,2304.0,5.0,78.0,31.5,69.0,
462316,0.0,0.0,0.0,0.95996,0.99707,18.3,54.5,8.2,612.0,18.4,2336.0,5.0,78.0,31.5,70.0,
463725,0.0,0.0,0.4,0.98535,0.99707,20.6,58.0,8.2,653.0,18.0,2368.0,5.0,78.0,31.5,71.0,
465106,0.0,0.0,-1.6,0.99707,0.99707,15.7,34.1,5.2,418.0,14.5,2368.0,5.0,78.0,30.0,71.0,
466539,0.0,0.0,-2.3,0.99316,0.99707,13.9,40.4,6.2,479.0,15.3,2368.0,5.0,78.0,30.0,71.0,
467871,0.0,0.0,-1.6,1.01074,0.99707,19.0,54.1,8.2,612.0,17.3,2368.0,5.0,78.0,30.0,72.0,
469221,0.0,0.0,-2.0,1.00488,0.99707,18.0,40.8,6.2,479.0,8.6,2400.0,5.0,78.0,30.0,71.0,
470665,0.0,0.0,-0.8,1.0166,0.99707,15.3,44.7,7.2,520.0,15.7,2368.0,5.0,78.0,30.0,71.0,
472050,0.0,0.0,0.0,1.00293,0.99707,17.5,50.6,7.2,592.0,16.9,2368.0,5.0,78.0,30.0,72.0,
473478,0.0,0.0,-0.8,0.99023,0.99707,18.0,50.2,7.2,571.0,16.9,2400.0,5.0,78.0,30.0,72.0,
474930,0.0,0.0,-2.7,0.99414,0.99707,16.7,47.5,7.2,551.0,16.5,2400.0,5.0,78.0,30.0,72.0,
476292,0.0,0.0,-2.3,1.00293,0.99707,17.5,49.4,7.2,571.0,16.9,2400.0,5.0,78.0,30.0,72.0,
477663,0.0,0.0,-2.3,1.00391,0.99707,18.0,50.2,7.2,571.0,16.9,2400.0,5.0,78.0,30.0,72.0,
478976,0.0,0.0,0.0,0.95215,0.99609,26.3,49.8,8.2,592.0,22.0,3104.0,4.0,78.0,30.0,71.0,
480330,0.0,0.0,-0.4,1.00098,0.99707,19.6,40.4,6.2,500.0,17.3,3008.0,4.0,78.0,30.0,71.0,
481697,0.0,0.0,-1.6,0.98047,0.99707,19.3,40.0,6.2,479.0,16.9,3008.0,4.0,78.0,30.0,71.0,
483109,0.0,0.0,-3.1,1.02246,0.99707,20.2,41.6,6.2,500.0,17.6,3008.0,4.0,78.0,30.0,72.0,
484525,0.0,0.0,-3.1,1.03223,0.99609,39.8,83.1,14.4,949.0,46.7,3104.0,4.0,78.0,30.0,75.0,
485905,0.0,0.0,-1.6,1.00684,0.99512,48.4,86.3,16.5,989.0,78.4,3296.0,4.0,78.0,30.0,79.0,
487293,0.0,0.0,1.2,0.93652,0.92676,52.3,85.5,18.5,989.0,81.6,3488.0,4.0,78.0,28.5,84.0,
488662,0.0,0.0,2.7,0.9209,0.99609,53.9,29.4,5.2,500.0,10.6,3584.0,4.0,78.0,28.5,84.0,
489944,0.0,0.0,0.0,1.99902,0.99316,12.2,0.0,0.0,275.0,12.2,3488.0,0.0,78.0,28.5,82.0,
491343,0.0,0.0,0.0,1.99902,0.99512,7.3,0.0,0.0,296.0,7.1,2176.0,0.0,78.0,28.5,79.0,
492727,0.0,0.0,0.0,1.99902,0.99512,8.5,0.0,0.0,275.0,9.0,2560.0,5.0,78.0,28.5,76.0,
494111,0.0,0.0,0.0,1.99902,0.94336,8.2,22.7,4.1,275.0,12.9,2496.0,5.0,78.0,30.0,74.0,
495516,0.0,0.0,0.0,0.96387,0.94727,11.5,29.8,5.2,357.0,11.4,2464.0,5.0,79.5,30.0,73.0,
496936,0.0,0.0,2.7,0.94238,0.94824,13.5,36.5,5.2,439.0,12.9,2400.0,5.0,78.0,30.0,72.0,
498329,0.0,0.0,0.4,0.98047,0.99707,13.0,36.5,5.2,439.0,13.3,2400.0,5.0,78.0,30.0,72.0,
499720,0.0,0.0,-1.2,0.98828,0.99707,11.8,33.7,5.2,398.0,12.5,2368.0,5.0,79.5,30.0,71.0,
501053,0.0,0.0,-2.3,0.99707,0.99609,10.2,30.6,4.1,377.0,11.8,2336.0,5.0,79.5,30.0,70.0,
502459,0.0,0.0,-2.3,1.00781,0.99707,11.1,32.9,5.2,398.0,11.8,2304.0,5.0,78.0,30.0,69.0,
503855,0.0,0.0,-2.3,0.99414,0.99707,11.6,35.3,5.2,418.0,12.5,2272.0,5.0,78.0,30.0,68.0,
505271,0.0,0.0,-3.1,1.00195,0.99707,11.7,35.7,5.2,418.0,12.5,2240.0,5.0,79.5,30.0,67.0,
506719,0.0,0.0,-3.5,0.99219,0.99707,13.5,41.6,6.2,479.0,13.7,2208.0,5.0,79.5,31.5,67.0,
508151,0.0,0.0,-3.5,0.98535,0.99707,13.4,34.5,6.2,479.0,9.4,2592.0,0.0,79.5,30.0,65.0,
509535,0.0,0.0,-2.7,0.99219,0.99707,18.7,43.5,6.2,520.0,16.9,2784.0,4.0,79.5,31.5,66.0,
510858,0.0,0.0,-2.7,0.99609,0.99707,18.2,42.7,6.2,500.0,16.9,2784.0,4.0,79.5,30.0,66.0,
512247,0.0,0.0,-2.3,0.9873,0.99707,19.8,45.9,7.2,551.0,17.6,2816.0,4.0,79.5,30.0,66.0,
513653,0.0,0.0,0.0,0.96387,0.94824,18.5,39.2,6.2,459.0,19.6,3712.0,3.0,79.5,30.0,65.0,
515047,0.0,0.0,2.3,0.9873,0.99414,27.4,45.5,7.2,520.0,21.2,3744.0,3.0,79.5,30.0,67.0,
516453,0.0,0.0,-0.8,0.99316,0.99609,60.8,87.1,17.5,969.0,89.4,4000.0,3.0,79.5,30.0,73.0,
517882,0.0,0.0,2.0,0.93555,0.91895,66.7,82.0,18.5,969.0,94.9,4384.0,3.0,79.5,28.5,80.0,
519278,0.0,0.0,0.0,1.99902,0.99512,17.0,0.0,0.0,224.0,11.4,3520.0,0.0,79.5,28.5,79.0,
520715,0.0,0.0,0.0,1.99902,0.99414,11.1,0.0,0.0,275.0,11.0,3232.0,4.0,79.5,28.5,75.0,
522051,0.0,0.0,0.0,1.99902,0.99414,10.6,0.0,0.0,296.0,10.2,3072.0,4.0,79.5,28.5,72.0,
523428,0.0,0.0,0.0,1.99902,0.99414,9.9,0.0,0.0,296.0,9.8,2944.0,4.0,79.5,28.5,69.0,
524845,0.0,0.0,0.0,1.99902,0.99414,9.5,0.0,0.0,296.0,9.8,2816.0,4.0,78.0,28.5,66.0,
526230,0.0,0.0,0.0,1.99902,0.99512,9.0,0.0,0.0,296.0,8.6,2688.0,4.0,79.5,30.0,62.0,
527647,0.0,0.0,0.0,1.99902,0.99512,8.6,0.0,0.0,296.0,9.4,2560.0,4.0,78.0,30.0,59.0,
529030,0.0,0.0,0.0,1.99902,0.99512,7.7,0.0,0.0,296.0,8.6,2272.0,4.0,78.0,30.0,53.0,
530461,0.0,0.0,0.0,1.99902,0.99512,7.0,0.0,0.0,296.0,8.2,2112.0,4.0,78.0,30.0,49.0,
531794,0.8,0.0,0.0,1.99902,0.99609,6.6,0.0,0.0,296.0,7.5,1920.0,0.0,78.0,30.0,47.0,
533193,1.6,0.0,0.0,1.99902,0.99512,3.2,11.4,4.1,337.0,2.7,896.0,0.0,78.0,31.5,45.0,
534611,1.6,0.0,0.0,0.9834,0.99609,6.4,0.0,0.0,245.0,7.8,2432.0,3.0,78.0,31.5,41.0,
535992,0.0,0.0,0.0,1.99902,0.99512,6.8,21.6,4.1,275.0,8.6,2208.0,3.0,78.0,31.5,39.0,
537400,0.0,0.0,0.0,0.90918,0.94336,6.9,22.4,4.1,296.0,8.6,2176.0,3.0,78.0,31.5,38.0,
538796,0.0,0.0,2.7,0.96387,0.94434,8.6,27.8,4.1,337.0,8.6,2112.0,3.0,78.0,31.5,37.0,
540203,0.0,0.0,3.5,0.95801,0.99609,6.3,0.0,0.0,316.0,7.1,1824.0,3.0,78.0,31.5,30.0,
541570,1.6,0.0,0.0,1.99902,0.99609,5.0,0.0,0.0,296.0,5.1,1504.0,3.0,78.0,31.5,25.0,
542898,1.6,0.0,0.0,1.99902,0.99512,3.9,0.0,0.0,296.0,3.5,1280.0,3.0,78.0,31.5,22.0,
544229,2.3,0.0,0.0,1.99902,0.99512,3.2,0.0,0.0,275.0,3.1,1120.0,0.0,78.0,31.5,19.0,
545636,2.3,0.0,0.0,1.02441,0.99512,2.7,10.6,3.1,275.0,2.4,1152.0,0.0,78.0,33.0,16.0,
547049,2.3,0.0,0.0,0.90918,0.99512,3.5,4.7,3.1,275.0,3.9,1216.0,2.0,78.0,33.0,14.0,
548379,1.6,0.0,0.0,0.95898,0.94434,4.9,29.0,5.2,377.0,5.5,1216.0,2.0,78.0,33.0,14.0,
549776,2.3,0.0,2.7,1.00293,0.99512,3.5,11.0,3.1,296.0,3.5,1152.0,2.0,78.0,33.0,13.0,
551171,2.3,0.0,0.8,0.93652,0.94336,3.9,25.1,4.1,337.0,5.1,1120.0,2.0,78.0,33.0,13.0,
552609,1.6,0.0,0.4,0.93359,0.94434,5.7,34.5,5.2,418.0,6.7,1216.0,2.0,78.0,33.0,15.0,
553967,0.8,0.0,-0.8,0.97266,0.99609,6.9,36.5,5.2,439.0,8.2,1344.0,2.0,78.0,33.0,17.0,
555367,0.8,0.0,-2.7,0.98438,0.99707,9.9,47.5,6.2,520.0,11.4,1536.0,2.0,78.0,33.0,19.0,
556751,0.8,0.0,-3.1,1.01758,0.99707,12.0,48.2,6.2,571.0,12.9,1792.0,2.0,78.0,33.0,23.0,
558135,0.0,0.0,-3.1,0.98438,0.99707,13.9,47.8,7.2,551.0,14.5,2112.0,2.0,78.0,33.0,26.0,
559575,0.0,0.0,-3.1,1.00684,0.99707,15.8,47.5,7.2,551.0,16.1,2336.0,2.0,78.0,31.5,29.0,
560959,0.0,0.0,-1.6,0.99609,0.99512,7.7,16.9,3.1,296.0,11.0,2336.0,2.0,78.0,31.5,29.0,
562338,0.0,0.0,-1.2,1.00781,0.99707,10.7,32.2,4.1,377.0,12.9,2400.0,2.0,78.0,31.5,30.0,
563733,0.0,0.0,-1.6,0.99023,0.99707,13.6,36.9,5.2,439.0,14.1,2528.0,2.0,78.0,31.5,31.0,
565060,0.0,0.0,-2.3,0.99023,0.99609,9.6,24.7,3.1,316.0,10.2,2592.0,2.0,78.0,31.5,31.0,
566493,0.0,0.0,-2.3,1.00195,0.99609,9.7,23.9,3.1,296.0,9.4,2528.0,2.0,78.0,31.5,30.0,
567910,0.0,0.0,0.4,1.65332,0.99512,7.8,0.0,0.0,296.0,9.0,2304.0,2.0,78.0,31.5,27.0,
569294,0.0,0.0,0.0,1.99902,0.94434,11.0,41.2,7.2,459.0,14.5,2176.0,2.0,78.0,31.5,27.0,
570691,0.0,0.0,-0.4,0.95898,0.95215,17.5,49.8,8.2,571.0,16.9,2496.0,2.0,78.0,31.5,31.0,
572154,0.0,0.0,1.2,1.00977,0.99707,22.7,56.1,9.3,653.0,21.6,2816.0,2.0,79.5,31.5,36.0,
573570,0.0,0.0,0.0,0.9873,0.99609,25.8,0.0,0.0,398.0,9.4,2624.0,0.0,79.5,30.0,37.0,
574870,0.8,0.0,0.0,1.99902,0.99609,5.8,0.0,0.0,296.0,7.1,1984.0,0.0,79.5,30.0,34.0,
576260,0.8,0.0,0.0,1.99902,0.99609,5.9,0.0,0.0,296.0,6.3,1824.0,3.0,79.5,30.0,31.0,
577642,1.6,0.0,0.0,1.99902,0.99609,5.2,0.0,0.0,296.0,5.5,1632.0,3.0,79.5,30.0,29.0,
579060,0.8,0.0,0.0,0.89746,0.94531,6.5,29.8,4.1,337.0,8.2,1632.0,3.0,79.5,31.5,29.0,
580432,0.8,0.0,0.4,0.95605,0.94434,5.7,12.9,3.1,316.0,5.9,1568.0,3.0,79.5,31.5,27.0,
581839,1.6,0.0,2.7,1.22461,0.99609,4.5,0.0,0.0,296.0,4.7,1440.0,3.0,79.5,31.5,24.0,
583232,1.6,0.0,0.0,1.99902,0.99512,3.1,9.4,4.1,316.0,2.7,864.0,0.0,79.5,31.5,21.0,
584647,3.1,0.0,0.0,0.95703,0.99414,2.7,10.2,3.1,296.0,2.4,928.0,0.0,79.5,31.5,19.0,
585940,1.6,0.0,0.0,0.87207,0.94434,4.9,23.1,4.1,296.0,5.5,1472.0,0.0,79.5,31.5,18.0,
587315,1.6,0.0,0.0,0.93848,0.94434,4.1,16.5,3.1,275.0,4.7,1440.0,2.0,79.5,31.5,17.0,
588657,1.6,0.0,-0.4,0.93457,0.94336,4.1,19.2,3.1,275.0,4.3,1408.0,2.0,79.5,33.0,17.0,
590062,1.6,0.0,-3.1,0.92676,0.94336,3.9,12.5,3.1,275.0,3.9,1312.0,2.0,79.5,33.0,15.0,
591456,2.3,0.0,-2.7,0.99902,0.99512,3.1,10.6,3.1,296.0,3.1,960.0,0.0,79.5,33.0,13.0,
592863,3.1,0.0,0.0,1.01855,0.99414,2.5,13.3,3.1,316.0,2.4,832.0,0.0,79.5,33.0,9.0,
594248,3.1,0.0,0.0,0.99902,0.99414,2.5,13.3,3.1,296.0,2.0,832.0,0.0,79.5,33.0,7.0,
595674,3.9,0.0,-1.6,0.98047,0.99414,2.3,12.5,3.1,296.0,2.0,800.0,0.0,79.5,33.0,6.0,
596999,3.9,0.0,-4.3,0.96973,0.99414,2.2,12.5,3.1,296.0,2.0,800.0,0.0,79.5,33.0,5.0,
598370,3.9,0.0,-4.7,0.98926,0.99414,2.1,12.5,3.1,296.0,2.0,736.0,0.0,81.0,33.0,2.0,
599783,4.7,0.0,-5.9,0.98633,0.99414,1.9,15.7,3.1,316.0,1.6,608.0,0.0,81.0,33.0,0.0,
601170,4.7,0.0,-5.9,0.99023,0.99414,1.9,16.5,3.1,337.0,1.6,608.0,0.0,81.0,33.0,0.0,
602550,4.7,0.0,-6.6,1.0,0.99414,2.0,16.1,3.1,337.0,1.6,640.0,0.0,81.0,33.0,0.0,
603979,4.7,0.0,-6.6,1.00098,0.99414,2.0,17.6,3.1,337.0,1.6,608.0,0.0,81.0,33.0,0.0,
605351,4.7,0.0,-6.3,1.00293,0.99414,2.0,17.3,3.1,337.0,1.6,608.0,0.0,81.0,34.5,0.0,
606707,4.7,0.0,-5.9,1.00098,0.99414,2.1,16.5,3.1,337.0,1.6,672.0,0.0,81.0,34.5,0.0,
608068,3.9,0.0,-4.7,1.01172,0.99414,2.1,15.3,3.1,316.0,1.6,672.0,0.0,81.0,34.5,0.0,
609445,3.9,0.0,-5.1,1.00293,0.99414,2.1,20.8,3.1,337.0,5.5,896.0,0.0,81.0,34.5,0.0,
610829,1.6,0.0,-5.1,1.00586,0.99609,6.6,14.5,4.1,418.0,3.9,1312.0,0.0,81.0,34.5,1.0,
612268,0.8,0.0,-5.1,1.01367,0.99609,6.7,32.5,5.2,479.0,8.2,1184.0,0.0,81.0,34.5,5.0,
613654,0.8,0.0,-2.7,1.00781,0.99609,7.5,43.9,7.2,592.0,15.7,1344.0,1.0,81.0,34.5,11.0,
615048,0.0,0.0,0.4,1.02344,0.99707,14.6,47.5,7.2,551.0,15.7,2368.0,1.0,82.5,34.5,16.0,
616490,0.0,0.0,0.0,1.99902,0.94434,6.5,40.0,7.2,439.0,10.6,1472.0,2.0,82.5,33.0,18.0,
617803,0.8,0.0,0.0,0.94727,0.94629,11.3,48.6,7.2,571.0,12.2,1664.0,2.0,82.5,33.0,21.0,
619157,0.8,0.0,2.3,0.94922,0.94727,12.4,46.3,6.2,551.0,11.8,1920.0,2.0,82.5,33.0,23.0,
620573,0.8,0.0,1.2,1.00488,0.99609,6.2,9.0,3.1,296.0,7.1,1888.0,2.0,82.5,33.0,22.0,
621978,0.8,0.0,0.0,1.99902,0.99609,5.3,0.0,0.0,296.0,5.5,1600.0,2.0,82.5,33.0,18.0,
623375,1.6,0.0,0.0,1.99902,0.99609,4.1,0.0,0.0,296.0,3.9,1344.0,2.0,82.5,33.0,15.0,
624767,2.3,0.0,0.0,1.99902,0.99512,3.3,17.6,3.1,275.0,5.1,1120.0,2.0,82.5,33.0,13.0,
626164,1.6,0.0,0.0,0.9209,0.94434,4.5,28.6,4.1,357.0,5.9,1152.0,2.0,82.5,34.5,14.0,
627540,1.6,0.0,0.0,0.93945,0.94434,5.7,32.2,5.2,398.0,6.7,1280.0,2.0,82.5,34.5,16.0,
628825,0.8,0.0,-0.4,0.94336,0.94434,6.9,36.9,5.2,439.0,8.6,1408.0,2.0,82.5,34.5,17.0,
630192,0.8,0.0,-0.4,0.93848,0.94629,12.7,58.8,8.2,653.0,14.5,1664.0,2.0,84.0,34.5,22.0,
631575,0.0,0.0,2.7,0.99805,0.99609,17.5,61.6,9.3,694.0,18.0,2112.0,2.0,84.0,34.5,27.0,
632981,0.0,0.0,2.3,1.00195,0.99707,20.6,57.6,9.3,653.0,19.2,2560.0,2.0,84.0,33.0,32.0,
634387,0.0,0.0,4.3,1.00488,0.99707,28.4,66.3,11.3,755.0,26.3,3008.0,2.0,84.0,33.0,38.0,
635761,0.0,0.0,0.0,1.99902,0.99512,7.7,0.0,0.0,296.0,7.5,1856.0,0.0,84.0,31.5,36.0,
637195,0.0,0.0,0.0,0.90527,0.94727,12.1,40.8,6.2,479.0,11.0,2048.0,3.0,84.0,31.5,37.0,
638545,0.0,0.0,1.6,0.9502,0.94727,11.3,37.3,6.2,439.0,12.2,2112.0,3.0,84.0,31.5,37.0,
639872,0.0,0.0,2.3,1.00098,0.99609,6.6,8.6,3.1,296.0,7.8,2048.0,3.0,84.0,31.5,35.0,
641249,0.8,0.0,0.0,1.99902,0.99609,6.4,19.2,4.1,337.0,9.4,1920.0,3.0,84.0,33.0,34.0,
642643,0.8,0.0,0.0,0.93359,0.94629,10.4,37.3,6.2,459.0,11.4,1952.0,3.0,84.0,33.0,35.0,
644039,0.8,0.0,0.4,0.94336,0.94727,11.4,40.0,6.2,479.0,11.0,1984.0,3.0,84.0,33.0,35.0,
645434,0.8,0.0,1.2,0.98828,0.99609,5.7,3.1,0.0,296.0,6.7,1856.0,3.0,84.0,33.0,32.0,
646840,0.8,0.0,0.0,1.99902,0.99609,5.3,0.0,0.0,296.0,5.5,1664.0,3.0,84.0,33.0,29.0,
648219,0.8,0.0,0.0,0.89453,0.94531,6.2,33.7,6.2,377.0,12.2,1632.0,3.0,84.0,33.0,29.0,
649604,0.0,0.0,2.0,0.95801,0.94824,13.2,53.7,8.2,612.0,12.5,1728.0,3.0,84.0,33.0,31.0,
650897,0.0,0.0,2.7,0.98535,0.99707,12.9,51.0,7.2,592.0,13.7,1824.0,3.0,84.0,33.0,33.0,
652263,0.8,0.0,1.6,0.99219,0.99707,8.4,32.2,4.1,398.0,9.8,1856.0,3.0,84.0,33.0,33.0,
653692,0.8,0.0,-1.2,0.99219,0.99707,9.2,34.5,5.2,418.0,9.8,1856.0,3.0,84.0,33.0,33.0,
655065,0.8,0.0,-0.8,0.99805,0.99707,7.8,30.6,4.1,377.0,10.2,1856.0,3.0,84.0,33.0,33.0,
656490,0.8,0.0,-1.6,0.99902,0.99707,10.1,38.8,5.2,459.0,11.8,1888.0,3.0,84.0,33.0,33.0,
657877,0.8,0.0,-0.4,1.01172,0.99707,12.9,44.3,6.2,520.0,12.5,1920.0,3.0,84.0,33.0,35.0,
659272,0.0,0.0,0.4,1.01172,0.99707,16.5,57.6,8.2,653.0,16.9,2048.0,3.0,84.0,33.0,37.0,
660586,0.0,0.0,1.2,1.00781,0.99707,17.7,56.5,8.2,653.0,17.6,2176.0,3.0,84.0,33.0,39.0,
661882,0.0,0.0,2.0,0.9873,0.99707,13.9,24.3,4.1,398.0,8.6,2208.0,3.0,84.0,33.0,39.0,
663288,0.0,0.0,3.1,0.99316,0.99707,11.3,38.4,6.2,459.0,13.3,2176.0,3.0,84.0,31.5,39.0,
664683,0.0,0.0,1.2,0.99219,0.99707,13.2,40.8,6.2,479.0,13.7,2240.0,3.0,84.0,31.5,40.0,
666039,0.0,0.0,1.2,1.00684,0.99707,15.9,48.6,7.2,571.0,16.1,2272.0,3.0,84.0,31.5,41.0,
667471,0.0,0.0,2.3,0.98633,0.99707,20.9,60.0,9.3,673.0,19.6,2400.0,3.0,84.0,31.5,43.0,
668845,0.0,0.0,2.3,0.9707,0.99707,21.9,56.1,8.2,632.0,18.4,2528.0,3.0,84.0,31.5,45.0,
670252,0.0,0.0,2.7,0.97461,0.99707,21.4,56.1,8.2,632.0,17.3,2592.0,3.0,84.0,31.5,45.0,
671597,0.0,0.0,2.7,0.9873,0.99512,7.7,3.1,0.0,275.0,9.0,2432.0,3.0,84.0,30.0,42.0,
672952,0.0,0.0,0.0,0.9375,0.94629,11.4,34.1,5.2,398.0,12.9,2336.0,3.0,84.0,31.5,42.0,
674347,0.0,0.0,1.6,0.95801,0.94824,13.6,39.6,6.2,459.0,14.1,2368.0,3.0,84.0,31.5,42.0,
675753,0.0,0.0,2.3,1.00488,0.99707,9.8,14.5,4.1,316.0,8.6,2336.0,3.0,85.5,31.5,41.0,
677137,0.0,0.0,3.9,1.3584,0.99512,7.2,0.0,0.0,296.0,8.6,2176.0,3.0,84.0,31.5,38.0,
678565,0.0,0.0,0.0,1.00488,0.94531,9.2,30.2,5.2,377.0,8.6,2112.0,3.0,84.0,31.5,37.0,
679950,0.0,0.0,0.0,0.96777,0.9541,19.7,62.7,10.3,714.0,19.6,2208.0,3.0,84.0,31.5,40.0,
681331,0.0,0.0,2.3,1.0,0.99707,20.7,60.4,9.3,673.0,19.6,2368.0,3.0,84.0,31.5,43.0,
682623,0.0,0.0,0.0,1.04199,0.99609,8.0,10.6,3.1,296.0,9.0,2368.0,3.0,84.0,31.5,41.0,
683984,0.0,0.0,0.0,1.99902,0.99512,7.4,22.0,4.1,296.0,8.6,2240.0,3.0,84.0,31.5,39.0,
685371,0.0,0.0,0.0,0.94434,0.94629,10.5,33.7,5.2,398.0,12.2,2240.0,3.0,84.0,31.5,39.0,
686778,0.0,0.0,2.0,0.94629,0.94922,15.2,47.5,7.2,551.0,16.5,2272.0,3.0,84.0,31.5,41.0,
688162,0.0,0.0,2.3,0.9873,0.99707,25.7,72.9,11.3,826.0,25.1,2464.0,3.0,84.0,31.5,45.0,
689557,0.0,0.0,0.0,0.98242,0.99707,28.9,72.9,11.3,826.0,26.3,2720.0,3.0,84.0,31.5,49.0,
690952,0.0,0.0,-2.7,0.95215,0.99707,18.2,40.8,6.2,479.0,12.5,2848.0,3.0,84.0,31.5,50.0,
692342,0.0,0.0,-2.7,0.98438,0.99707,17.3,39.6,6.2,479.0,17.3,2848.0,3.0,84.0,30.0,51.0,
693703,0.0,0.0,0.0,1.99902,0.99512,7.1,0.0,0.0,296.0,6.7,1664.0,0.0,84.0,30.0,49.0,
695085,1.6,0.0,0.0,1.50684,0.99512,3.6,8.6,3.1,296.0,3.5,1184.0,5.0,84.0,31.5,47.0,
696499,2.3,0.0,0.0,0.92871,0.99512,3.0,9.0,3.1,296.0,2.7,960.0,0.0,84.0,31.5,44.0,
697882,3.1,0.0,0.0,0.99219,0.99414,2.6,12.2,3.1,296.0,2.4,896.0,0.0,84.0,31.5,42.0,
699311,3.1,0.0,-1.6,0.98535,0.99414,2.4,11.8,3.1,296.0,2.4,864.0,0.0,85.5,31.5,40.0,
700704,3.9,0.0,-3.5,0.95996,0.99414,2.3,11.8,2.1,296.0,2.0,832.0,0.0,85.5,31.5,38.0,
702134,1.6,0.0,-6.3,0.94434,0.94531,11.1,37.3,5.2,398.0,12.9,2112.0,3.0,85.5,33.0,38.0,
703514,0.0,0.0,-3.1,1.01758,0.99707,16.3,51.8,7.2,592.0,16.5,2240.0,3.0,85.5,33.0,40.0,
704863,0.0,0.0,-2.7,0.98145,0.99707,13.8,40.0,6.2,479.0,13.7,2304.0,3.0,85.5,33.0,41.0,
706263,0.0,0.0,-2.0,1.02734,0.99512,6.9,9.4,3.1,275.0,8.6,2176.0,3.0,85.5,31.5,38.0,
707647,0.0,0.0,0.0,0.96582,0.94727,11.9,40.8,6.2,479.0,13.7,2144.0,3.0,85.5,31.5,38.0,
709053,0.0,0.0,1.6,0.96484,0.94629,10.0,26.7,4.1,337.0,9.0,2176.0,3.0,85.5,33.0,38.0,
710505,0.0,0.0,2.3,0.98633,0.99707,10.1,33.3,5.2,398.0,12.5,2176.0,3.0,85.5,33.0,39.0,
711878,0.0,0.0,0.4,0.99609,0.99707,12.5,39.2,6.2,459.0,13.7,2240.0,3.0,85.5,33.0,40.0,
713260,0.0,0.0,-2.0,0.97949,0.99707,14.2,42.0,6.2,500.0,14.9,2336.0,3.0,85.5,33.0,42.0,
714583,0.0,0.0,-2.7,1.02344,0.99707,10.6,14.5,4.1,337.0,8.6,2368.0,3.0,85.5,33.0,42.0,
715893,0.0,0.0,0.0,1.0127,0.99512,9.0,25.5,4.1,316.0,10.2,2336.0,3.0,84.0,33.0,41.0,
717288,0.0,0.0,0.0,1.05176,0.99512,7.1,17.6,3.1,296.0,15.7,2272.0,3.0,84.0,33.0,41.0,
718718,0.0,0.0,0.8,1.05859,0.99707,12.5,38.0,6.2,439.0,13.7,2336.0,3.0,84.0,33.0,42.0,
720089,0.0,0.0,2.3,0.99219,0.99707,13.0,38.0,6.2,439.0,13.7,2400.0,3.0,84.0,33.0,43.0,
721474,0.0,0.0,0.8,0.98926,0.99707,15.6,43.9,6.2,500.0,16.5,2496.0,3.0,84.0,33.0,45.0,
722902,0.0,0.0,-1.6,0.97852,0.99707,17.9,34.5,5.2,459.0,8.6,2528.0,3.0,84.0,31.5,45.0,
724319,0.0,0.0,1.2,1.03223,0.99512,7.6,3.1,0.0,275.0,9.0,2400.0,3.0,84.0,31.5,42.0,
725665,0.0,0.0,0.0,0.95801,0.94531,8.9,21.2,4.1,296.0,8.6,2304.0,3.0,84.0,31.5,41.0,
727064,0.0,0.0,1.6,0.94434,0.9502,16.6,50.6,8.2,592.0,14.1,2304.0,3.0,84.0,31.5,41.0,
728449,0.0,0.0,-0.8,1.00293,0.99609,7.8,8.6,3.1,296.0,8.6,2272.0,3.0,84.0,31.5,40.0,
729876,0.0,0.0,2.7,0.98438,0.99707,13.0,39.6,6.2,459.0,13.7,2272.0,3.0,84.0,33.0,41.0,
731283,0.0,0.0,1.2,0.99023,0.99707,16.6,48.6,7.2,571.0,16.5,2368.0,3.0,84.0,31.5,42.0,
732666,0.0,0.0,2.0,1.01367,0.99512,10.8,40.4,6.2,459.0,16.9,2304.0,3.0,84.0,31.5,42.0,
734095,0.0,0.0,2.0,0.99121,0.99707,11.6,22.0,4.1,357.0,8.6,2304.0,3.0,84.0,31.5,41.0,
735467,0.0,0.0,3.9,0.9873,0.99609,9.3,31.0,5.2,377.0,11.8,2240.0,3.0,84.0,31.5,39.0,
736814,0.0,0.0,1.6,0.99316,0.99512,7.3,13.3,3.1,296.0,8.2,2112.0,3.0,84.0,31.5,37.0,
738205,0.8,0.0,0.0,1.99902,0.99609,6.5,0.0,0.0,316.0,6.3,1568.0,0.0,84.0,33.0,29.0,
739619,2.3,0.0,0.0,1.99902,0.99414,2.9,13.7,4.1,357.0,2.7,928.0,0.0,85.5,33.0,18.0,
741050,3.1,0.0,0.0,0.93555,0.99414,2.8,10.2,3.1,296.0,2.4,928.0,0.0,84.0,33.0,8.0,
742443,3.1,0.0,0.0,0.94824,0.99414,2.4,11.4,3.1,296.0,2.0,864.0,0.0,84.0,33.0,4.0,
743826,2.3,0.0,0.0,0.97754,0.99609,5.5,29.4,5.2,459.0,5.9,864.0,0.0,85.5,33.0,6.0,
745200,0.0,0.0,-2.3,0.9873,0.99609,13.7,47.5,7.2,571.0,11.8,1568.0,0.0,84.0,33.0,12.0,
746589,0.8,0.0,-0.8,0.99316,0.99707,10.5,35.7,5.2,439.0,11.4,2080.0,1.0,85.5,33.0,14.0,
747929,0.8,0.0,0.0,1.99902,0.94434,7.4,40.8,6.2,439.0,9.0,1280.0,0.0,85.5,33.0,16.0,
749327,0.8,0.0,0.4,0.94238,0.94629,12.8,60.4,9.3,694.0,14.1,1568.0,2.0,85.5,33.0,21.0,
750744,0.0,0.0,1.2,0.98242,0.99707,15.8,57.3,8.2,653.0,16.5,2080.0,2.0,85.5,33.0,26.0,
752128,0.0,0.0,0.4,1.0,0.99512,6.6,8.2,3.1,296.0,8.2,2112.0,2.0,85.5,33.0,25.0,
753533,0.8,0.0,0.0,1.99902,0.99609,6.5,0.0,0.0,296.0,7.5,2016.0,2.0,85.5,33.0,24.0,
754957,0.8,0.0,0.0,1.99902,0.99609,6.0,0.0,0.0,296.0,6.7,1952.0,2.0,85.5,33.0,24.0,
756320,0.0,0.0,0.0,0.90723,0.94824,14.2,46.7,7.2,520.0,16.5,2336.0,2.0,85.5,33.0,30.0,
757660,0.0,0.0,3.9,0.96777,0.99707,27.1,68.6,11.3,775.0,18.4,2944.0,0.0,85.5,33.0,36.0,
758998,0.0,0.0,0.0,1.99902,0.99609,6.7,0.0,0.0,296.0,7.1,2016.0,3.0,85.5,33.0,36.0,
760397,0.8,0.0,0.0,1.99902,0.99609,6.3,14.1,5.2,357.0,15.3,2048.0,3.0,85.5,33.0,37.0,
761804,0.0,0.0,0.8,0.96973,0.9541,19.7,61.6,10.3,694.0,19.6,2240.0,3.0,85.5,33.0,41.0,
763233,0.0,0.0,4.3,1.02051,0.99512,7.4,8.2,3.1,275.0,8.6,2272.0,3.0,85.5,31.5,39.0,
764617,0.0,0.0,0.0,1.99902,0.99512,7.0,0.0,0.0,296.0,7.8,1824.0,0.0,85.5,33.0,34.0,
766011,2.3,0.0,0.0,1.99902,0.99512,3.2,11.0,4.1,357.0,2.7,864.0,0.0,85.5,33.0,25.0,
767420,3.1,0.0,0.0,0.96094,0.99414,2.8,10.2,3.1,316.0,2.7,896.0,0.0,85.5,33.0,13.0,
768752,3.1,0.0,0.0,0.96191,0.99414,2.5,11.8,3.1,296.0,2.4,864.0,0.0,85.5,33.0,4.0,
770106,3.9,0.0,0.0,0.9834,0.99512,5.8,33.3,7.2,479.0,6.7,960.0,0.0,85.5,33.0,5.0,
771490,0.8,0.0,-2.7,0.97949,0.99512,11.9,49.8,7.2,653.0,11.0,1440.0,0.0,85.5,34.5,11.0,
772911,0.0,0.0,-0.4,1.02539,0.99707,16.1,53.7,8.2,632.0,16.5,2272.0,1.0,85.5,33.0,16.0,
774292,0.0,0.0,0.0,1.99902,0.94434,9.4,54.1,9.3,592.0,14.9,1504.0,0.0,85.5,33.0,19.0,
775697,0.0,0.0,-0.8,0.96875,0.94922,15.0,58.8,9.3,673.0,15.3,1792.0,2.0,85.5,33.0,23.0,
777081,0.0,0.0,0.0,0.99902,0.99707,16.4,56.5,8.2,653.0,16.9,2080.0,2.0,87.0,33.0,26.0,
778523,0.0,0.0,-1.2,0.99609,0.99707,18.9,56.1,8.2,632.0,17.3,2368.0,2.0,85.5,33.0,29.0,
779871,0.0,0.0,-0.4,1.03613,0.99512,7.2,8.2,3.1,275.0,8.6,2176.0,0.0,85.5,31.5,26.0,
781267,1.6,0.0,0.0,1.99902,0.99512,4.0,3.5,4.1,337.0,3.9,896.0,0.0,85.5,33.0,16.0,
782673,3.1,0.0,0.0,1.10352,0.99414,3.0,11.8,3.1,337.0,2.7,896.0,0.0,85.5,33.0,12.0,
784057,2.3,0.0,0.0,0.94531,0.94434,5.1,37.6,6.2,439.0,6.3,960.0,0.0,87.0,33.0,12.0,
785463,0.8,0.0,-4.3,0.94238,0.94434,7.8,46.3,7.2,571.0,9.4,1248.0,2.0,87.0,33.0,16.0,
786869,0.8,0.0,-1.6,0.94727,0.94629,11.0,50.2,7.2,592.0,12.5,1632.0,2.0,87.0,33.0,21.0,
788287,0.8,0.0,-1.6,1.0293,0.99707,6.6,11.0,3.1,337.0,6.7,1824.0,2.0,87.0,33.0,22.0,
789646,1.6,0.0,0.0,1.99902,0.99609,5.5,0.0,0.0,296.0,5.5,1728.0,2.0,87.0,33.0,20.0,
790984,1.6,0.0,0.0,1.99902,0.99512,3.7,3.5,4.1,296.0,3.5,928.0,0.0,87.0,34.5,19.0,
792339,3.1,0.0,0.0,1.14063,0.99414,2.7,9.8,3.1,296.0,2.4,928.0,0.0,87.0,34.5,14.0,
793730,3.1,0.0,0.0,0.92676,0.99414,2.6,10.6,3.1,296.0,2.4,896.0,0.0,87.0,34.5,6.0,
795139,3.9,0.0,0.0,0.96191,0.99414,2.3,11.8,3.1,296.0,2.0,800.0,0.0,87.0,34.5,0.0,
796566,2.3,0.0,0.0,0.875,0.99609,8.2,60.4,10.3,673.0,15.3,1600.0,0.0,87.0,34.5,2.0,
797927,0.8,0.0,0.0,1.01563,0.99609,7.1,23.1,5.2,439.0,7.5,1280.0,0.0,87.0,34.5,4.0,
799367,1.6,0.0,-0.4,0.99414,0.99609,5.6,18.4,5.2,439.0,3.9,1024.0,0.0,87.0,34.5,4.0,
800731,3.1,0.0,2.0,1.01563,0.99414,2.8,10.2,3.1,316.0,2.4,832.0,0.0,87.0,34.5,2.0,
802029,3.9,0.0,1.2,0.99414,0.99414,2.0,14.9,3.1,337.0,1.6,640.0,0.0,87.0,34.5,1.0,
803419,1.6,0.0,-2.7,0.85742,0.99609,6.6,26.3,5.2,479.0,7.1,1408.0,0.0,87.0,36.0,1.0,
804858,0.8,0.0,-2.7,0.97949,0.99707,7.2,17.3,4.1,357.0,4.7,1152.0,0.0,87.0,34.5,1.0,
806220,2.3,0.0,0.0,0.9707,0.99512,3.1,7.5,3.1,316.0,3.1,864.0,0.0,87.0,36.0,1.0,
807659,2.3,0.0,0.0,0.97656,0.99609,5.2,20.4,4.1,418.0,5.5,1120.0,0.0,88.5,36.0,0.0,
809040,3.1,0.0,2.0,1.03125,0.99414,2.6,13.7,3.1,357.0,2.4,672.0,0.0,88.5,36.0,0.0,
810438,1.6,0.0,-2.7,0.87402,0.99512,4.0,8.6,4.1,418.0,3.1,800.0,0.0,88.5,36.0,1.0,
811820,3.9,0.0,0.8,1.00488,0.99414,2.5,14.1,3.1,357.0,2.0,736.0,0.0,88.5,36.0,0.0,
813111,3.9,0.0,0.8,1.0,0.99414,2.2,12.5,3.1,337.0,1.6,704.0,0.0,88.5,36.0,0.0,
814494,4.7,0.0,-0.8,0.97559,0.99414,2.0,13.3,3.1,316.0,1.6,704.0,0.0,88.5,36.0,0.0,
815894,4.7,0.0,-3.5,0.95801,0.99414,1.9,13.7,3.1,316.0,1.6,608.0,0.0,88.5,36.0,0.0,
817280,5.5,0.0,-5.5,0.96191,0.99414,1.8,21.2,3.1,337.0,2.0,608.0,0.0,88.5,36.0,0.0,
818708,4.7,0.0,-5.5,0.99316,0.99414,2.0,17.6,3.1,357.0,1.6,608.0,0.0,88.5,36.0,0.0,
820124,4.7,0.0,-6.3,0.98828,0.99414,2.0,13.3,3.1,316.0,1.6,704.0,0.0,88.5,36.0,0.0,
821506,4.7,0.0,-5.9,0.99805,0.99414,2.0,14.1,3.1,316.0,1.6,672.0,0.0,90.0,36.0,0.0,
822841,4.7,0.0,-5.9,0.99805,0.99414,1.8,15.7,3.1,316.0,1.2,608.0,0.0,90.0,36.0,0.0,
824146,5.5,0.0,-6.6,0.98926,0.99414,1.9,15.3,3.1,337.0,1.6,640.0,0.0,90.0,36.0,0.0,
825558,4.7,0.0,-7.0,0.99316,0.99414,2.0,14.1,3.1,316.0,1.6,672.0,0.0,90.0,36.0,0.0,
826942,4.7,0.0,-6.6,0.99805,0.99414,1.9,13.7,3.1,316.0,1.6,672.0,0.0,90.0,36.0,0.0,
828370,5.5,0.0,-5.9,1.00098,0.99414,1.8,14.5,3.1,337.0,1.2,608.0,0.0,90.0,36.0,0.0,
829743,5.5,0.0,-6.6,0.99805,0.99414,1.8,15.3,3.1,337.0,1.6,640.0,0.0,90.0,36.0,0.0,
831162,4.7,0.0,-6.6,0.98926,0.99414,2.0,13.7,2.1,316.0,1.6,672.0,0.0,90.0,37.5,0.0,
832588,4.7,0.0,-6.6,0.99707,0.99414,1.8,18.4,3.1,337.0,1.6,608.0,0.0,90.0,36.0,0.0,
833900,5.5,0.0,-6.6,0.99316,0.99414,1.9,14.9,3.1,337.0,1.6,672.0,0.0,90.0,37.5,0.0,
835239,4.7,0.0,-6.3,0.99512,0.99414,2.0,13.3,3.1,316.0,1.6,672.0,0.0,90.0,37.5,0.0,
836649,4.7,0.0,-6.3,0.99316,0.99414,1.9,14.1,3.1,316.0,1.6,640.0,0.0,90.0,37.5,0.0,
838044,5.5,0.0,-6.3,0.99316,0.99414,1.9,16.9,3.1,337.0,1.6,608.0,0.0,91.5,37.5,0.0,
839449,4.7,0.0,-6.6,0.99414,0.99414,2.0,14.9,3.1,316.0,1.6,672.0,0.0,91.5,37.5,0.0,
840775,4.7,0.0,-6.3,0.99805,0.99414,2.0,14.9,3.1,316.0,1.6,640.0,0.0,91.5,37.5,0.0,
842185,4.7,0.0,-6.6,0.99414,0.99414,1.9,14.9,3.1,316.0,1.6,640.0,0.0,91.5,37.5,0.0,
843547,5.5,0.0,-5.9,0.99902,0.99414,1.9,14.9,3.1,337.0,1.6,640.0,0.0,91.5,37.5,0.0,
844880,4.7,0.0,-6.3,0.99414,0.99414,1.9,13.7,3.1,316.0,1.6,672.0,0.0,91.5,37.5,0.0,
846197,4.7,0.0,-5.9,0.99805,0.99414,1.9,14.5,3.1,316.0,1.6,608.0,0.0,91.5,37.5,0.0,
847582,4.7,0.0,-6.3,0.98926,0.99414,1.8,14.9,3.1,337.0,1.6,608.0,0.0,91.5,37.5,0.0,
848934,5.5,0.0,-5.9,0.99414,0.99414,1.9,15.3,3.1,337.0,1.6,672.0,0.0,91.5,37.5,0.0,
850318,4.7,0.0,-5.5,0.99316,0.99414,2.0,12.9,3.1,316.0,1.6,672.0,0.0,91.5,37.5,0.0,
851643,4.7,0.0,-5.9,0.99121,0.99414,1.9,18.8,3.1,337.0,1.6,608.0,0.0,91.5,37.5,0.0,
852949,5.5,0.0,-5.1,0.99316,0.99414,1.8,15.7,3.1,337.0,1.6,640.0,0.0,91.5,37.5,0.0,
854355,4.7,0.0,-5.5,0.9873,0.99414,2.0,14.1,3.1,316.0,1.6,672.0,0.0,91.5,37.5,0.0,
855682,4.7,0.0,-5.5,0.99219,0.99414,2.0,13.7,3.1,316.0,1.6,640.0,0.0,93.0,37.5,0.0,
857103,5.5,0.0,-5.1,0.99219,0.99414,1.8,15.3,3.1,316.0,1.6,608.0,0.0,93.0,37.5,0.0,
